GEOID,totp,medincome,pmale,pwhite,pblk,pasn,phisp,poor,punemp,pcol,p65old,NAME,lifeexp,popd,parks,envind,costb,hins
6067000100,3637,84918,0.4204014297497938,0.7701402254605444,0.02144624690679131,0.056365136101182295,0.10310695628265054,Low,0.02304964539007092,0.5835843373493976,0.15837228485015123,Other,82.5,4743.79,4,15,0.17800000000000002,0.060599999999999994
6067000200,3541,67553,0.4529793843547021,0.7636260943236374,0,0.05591640779440836,0.1293419937870658,Low,0.06652126499454744,0.5735085227272727,0.14374470488562552,Sacramento,81.7,5993.14,4,15,0.22,0.0721
6067000300,2965,71695,0.41585160202360877,0.8404721753794266,0.014839797639123103,0.00775716694772344,0.12445193929173694,Low,0.030136986301369864,0.5344982078853047,0.14232715008431704,Sacramento,81.9,5630.61,9,14,0.193,0.0483
6067000400,3966,41685,0.4800806858295512,0.6959152798789713,0.04261220373171962,0.04059505799293999,0.1828038325769037,Low,0.0631258162821071,0.47860593512767424,0.049420070600100854,Sacramento,83.3,9735,12,6,0.19399999999999998,0.20370000000000002
6067000500,3609,32998,0.457190357439734,0.5375450263230812,0.09919645331116653,0.03269603768356886,0.2970351898032696,Low,0.08396501457725948,0.3881475667189953,0.0684400110834026,Sacramento,78.71533333333333,9447.17,13,5,0.252,0.2143
6067000600,1092,31134,0.5283882783882784,0.4990842490842491,0.21611721611721613,0.12545787545787546,0.06227106227106227,Mid,0.09226932668329177,0.37376586741889983,0.0641025641025641,Sacramento,77.6,7152.15,11,7,0.24600000000000002,0.13369999999999999
6067000700,2736,11833,0.764985380116959,0.31396198830409355,0.26169590643274854,0.15533625730994152,0.21162280701754385,Low,0.34513274336283184,0.08842297174111212,0.15350877192982457,Sacramento,78.71533333333333,15416.9,15,3,0.244540192926045,0.0527
6067000800,1242,40365,0.5394524959742351,0.8309178743961353,0.030595813204508857,0.09581320450885668,0.03542673107890499,Low,0.04599659284497445,0.5186794092093832,0.3896940418679549,Sacramento,78.71533333333333,7051.63,14,4,0.287,0.1014
6067001101,1605,17209,0.5682242990654206,0.6953271028037383,0.09595015576323987,0.07102803738317758,0.08224299065420561,Mid,0.07671232876712329,0.36292054402290624,0.06292834890965732,Sacramento,68.5,3377.6,25,0,0.301,0.1467
6067001200,3395,35474,0.5843888070692195,0.5466863033873343,0.14197349042709867,0.0662739322533137,0.17702503681885126,Low,0.09642147117296222,0.4029535864978903,0.10927835051546392,Sacramento,78.71533333333333,12730.19,12,5,0.285,0.15
6067001300,2995,37792,0.5826377295492488,0.6240400667779633,0.06310517529215359,0.06176961602671119,0.2023372287145242,Low,0.14800389483933787,0.39747496734871574,0.02971619365609349,Sacramento,80.5,9819.36,8,2,0.21,0.22649999999999998
6067001400,2684,39132,0.5011177347242921,0.7570789865871833,0.03390461997019374,0.03502235469448584,0.12816691505216096,Low,0.07049965776865161,0.4730232558139535,0.15797317436661698,Sacramento,75,8043.79,12,5,0.179,0.16899999999999998
6067001500,4177,73140,0.39885084989226716,0.7845343548000958,0.0038305003591094086,0.05506344266219775,0.07708881972707685,Low,0.057571964956195244,0.5969714618520675,0.15944457744792914,Sacramento,79.9,6420.83,5,12,0.223,0.0626
6067001600,4748,70313,0.4860994102780118,0.7601095197978096,0.013689974726200505,0.06887110362257792,0.09667228306655434,Low,0.06741573033707865,0.6178263077704419,0.15817186183656276,Sacramento,82.1,4605.07,7,15,0.22,0.06
6067001700,4987,42292,0.44515740926408665,0.6530980549428514,0.02526569079606978,0.08381792660918388,0.15500300782033286,Low,0.030927835051546393,0.40871862615587845,0.21515941447764186,Sacramento,80.6,3521.73,10,9,0.201,0.0889
6067001800,4883,39796,0.4851525701413066,0.41306573827565024,0.15297972557853778,0.04976448904362073,0.30882654106082325,Mid,0.15462962962962962,0.29411764705882354,0.06737661273807086,Sacramento,77.5,7066.05,7,9,0.28600000000000003,0.1754
6067001900,3235,41618,0.47820710973724884,0.5403400309119011,0.10850077279752705,0.05904173106646059,0.2268933539412674,Low,0.05452212957023733,0.2950751252086811,0.1394126738794436,Sacramento,77.7,6492.79,6,2,0.244,0.2115
6067002000,2552,28947,0.47962382445141066,0.34443573667711597,0.02664576802507837,0.5023510971786834,0.08463949843260188,Low,0.1025830258302583,0.2958762886597938,0.13479623824451412,Sacramento,78,5956.74,9,4,0.193,0.2005
6067002100,2984,45288,0.5164209115281502,0.3445040214477212,0.027144772117962467,0.27479892761394104,0.3042895442359249,Low,0.11272475795297372,0.16501486620416253,0.06568364611260054,Other,84.7,4235.29,13,2,0.20600000000000002,0.3012
6067002200,3489,28689,0.3777586701060476,0.3253081112066495,0.2737173975351104,0.12410432788764689,0.1994840928632846,Mid,0.14470493128536782,0.29206049149338376,0.10088850673545428,Other,80.1,4244.95,7,9,0.264,0.0693
6067002300,3071,77118,0.44285249104526214,0.8257896450667535,0,0.06610224682513839,0.0719635297948551,Low,0.03387916431394692,0.6823204419889503,0.1383914034516444,Sacramento,79.8,6738.13,6,10,0.213,0.0728
6067002400,4651,96540,0.44205547194151795,0.7226402924102343,0.012900451515803053,0.11008385293485272,0.09718340141904967,Low,0.034110535405872194,0.6823357664233577,0.14878520748226187,Sacramento,85.2,3523.49,7,14,0.177,0.0443
6067002500,1648,103929,0.4842233009708738,0.7615291262135923,0.025485436893203883,0.040655339805825245,0.13713592233009708,Low,0.05246589716684155,0.5977358490566038,0.1304611650485437,Sacramento,84.7,4175.82,7,14,0.188,0.0195
6067002600,2692,66125,0.5040861812778603,0.638187221396731,0.07020802377414562,0.009286775631500743,0.1801634472511144,Low,0.13504155124653738,0.37316263632053104,0.1151560178306092,Sacramento,77.7,6920.48,3,13,0.221,0.1208
6067002700,3740,27075,0.44732620320855615,0.3235294117647059,0.26176470588235295,0.06550802139037433,0.2796791443850267,Low,0.19010600706713782,0.14122448979591837,0.07647058823529412,Sacramento,76.1,6802.17,8,8,0.414,0.2208
6067002800,2294,35964,0.4119442022667829,0.11987794245858761,0.42763731473408895,0.05405405405405406,0.31734960767218834,Low,0.26917293233082706,0.061128526645768025,0.10941586748038361,Other,70.9,9219.21,7,15,0.275,0.19760000000000003
6067002900,4729,55000,0.4770564601395644,0.623176147176993,0.06449566504546415,0.048001691689574966,0.21674772679213364,Low,0.048792270531400964,0.34328782707622296,0.12624233453161346,Sacramento,86,5027.78,9,17,0.222,0.1352
6067003000,6126,54351,0.43046033300685604,0.505060398302318,0.06660137120470128,0.11916421808684297,0.23049298073783872,Low,0.1008174386920981,0.29421296296296295,0.13646751550767222,Sacramento,76.4,6583.86,9,18,0.221,0.1151
6067003101,2833,43294,0.5435933639251677,0.3879279915284151,0.06565478291563713,0.04835863042710907,0.39534062830921285,Low,0.16581632653061223,0.1506849315068493,0.1171902576773738,Sacramento,77.5,7351.74,3,25,0.22699999999999998,0.1505
6067003102,3014,43292,0.4654943596549436,0.40776376907763767,0.02687458526874585,0.0676841406768414,0.44459190444591906,Low,0.12320143884892086,0.16880451513596717,0.13702720637027208,Sacramento,74.3,6621.78,3,22,0.196,0.2809
6067003202,4973,33208,0.4960788256585562,0.2272270259400764,0.06776593605469536,0.3189221797707621,0.31510154836115023,Low,0.17123287671232876,0.10336081166772353,0.11099939674240901,Other,79.2,7911.07,4,24,0.22899999999999998,0.2078
6067003203,3223,32058,0.49736270555383183,0.05553831833695315,0.11728203537077257,0.3983865963388148,0.38194228979211914,Mid,0.10582010582010581,0.03304692663582287,0.0431275209432206,Sacramento,75.9,8410.54,4,32,0.37200000000000005,0.1869
6067003204,5997,29760,0.535434383858596,0.08404202101050526,0.05302651325662831,0.42938135734533933,0.4117058529264632,Mid,0.13865030674846626,0.06149388280746942,0.09004502251125562,Sacramento,81.1,8835.11,4,29,0.22899999999999998,0.2939
6067003300,3987,78229,0.472284926009531,0.5738650614497116,0.029345372460496615,0.2272385252069225,0.12089290193127665,Low,0.039137833238797506,0.5257630456186413,0.23501379483320792,Sacramento,83.4,4436.32,9,14,0.18100000000000002,0.0659
6067003400,4242,61089,0.4372937293729373,0.3925035360678925,0.19236209335219237,0.21287128712871287,0.17515322960867516,Low,0.028851107676455434,0.4136657433056325,0.2376237623762376,Sacramento,81.3,4706.19,7,16,0.20800000000000002,0.09380000000000001
6067003501,2668,48059,0.4542728635682159,0.47938530734632684,0.12256371814092953,0.12106446776611694,0.24062968515742128,Low,0.026761819803746655,0.24986210700496414,0.14167916041979012,Sacramento,80.2,5684.34,6,10,0.207,0.13720000000000002
6067003502,2978,51217,0.44660846205507054,0.4304902619207522,0.0036937541974479517,0.24680993955674949,0.2733378106111484,Low,0.051762940735183796,0.2830699774266366,0.1880456682337139,Sacramento,79.7,5992.38,6,11,0.192,0.1153
6067003600,3032,40879,0.4940633245382586,0.20745382585751979,0.05804749340369393,0.05178100263852243,0.508245382585752,Low,0.08110687022900763,0.18912666281087334,0.07420844327176782,Sacramento,77,5766.39,4,14,0.188,0.231
6067003700,4176,31265,0.49161877394636017,0.1300287356321839,0.12931034482758622,0.1606800766283525,0.5076628352490421,Low,0.18233387358184766,0.08895705521472393,0.09075670498084291,Sacramento,75.3,7654.06,8,8,0.317,0.16519999999999999
6067003800,4778,49526,0.4654667224780243,0.1707827542904981,0.24717455002092925,0.20050230221850146,0.3555881121808288,Low,0.11368015414258188,0.1408358012504113,0.14692339891167852,Sacramento,76.4,2687.68,9,14,0.20800000000000002,0.1383
6067003900,3386,62454,0.4790313053750738,0.46131128174837566,0.07206142941523921,0.1934435912581217,0.2049616066154755,Low,0.08355978260869565,0.4009584664536741,0.25014766686355583,Sacramento,79.9,3999.19,10,11,0.19699999999999998,0.07200000000000001
6067004001,6186,58533,0.4409957969608794,0.34028451341739413,0.18218558034270935,0.2403815066278694,0.16698997736825089,Low,0.04411764705882353,0.2728912945421741,0.19527966375687036,Sacramento,79.2,4469.34,13,11,0.172,0.0888
6067004004,6493,80662,0.4929924534113661,0.5227167719082089,0.07700600646850454,0.28245803172647466,0.07253965809333128,Low,0.03707414829659319,0.4543746084777615,0.16648698598490683,Sacramento,81.4,5621.02,7,29,0.187,0.0761
6067004005,4376,66012,0.48171846435100546,0.421617915904936,0.1606489945155393,0.2303473491773309,0.12637111517367458,Low,0.07470588235294118,0.39119951778179624,0.25891224862888484,Other,80.4,5837.79,10,27,0.207,0.1167
6067004006,4906,64033,0.4924582144313086,0.33938035059111293,0.2751732572360375,0.1975132490827558,0.14349775784753363,Low,0.052891080233079334,0.3554721339878718,0.18344883815735832,Sacramento,83.8,6694.42,7,16,0.16,0.1493
6067004008,3576,84535,0.46420581655480986,0.4457494407158837,0.06487695749440715,0.28859060402684567,0.10346756152125279,Low,0.06724986331328595,0.37091188918814927,0.1266778523489933,Sacramento,82.3,5893.39,10,31,0.228,0.0693
6067004009,5177,56510,0.47112227158586056,0.3757002124782693,0.1514390573691327,0.2570987058141781,0.10546648638207456,Low,0.05848434925864909,0.4371224601867106,0.12072628935677034,Sacramento,83,7088.95,12,25,0.21,0.0584
6067004010,4665,50990,0.44737406216505893,0.3577706323687031,0.11318327974276528,0.3181136120042872,0.14083601286173633,Low,0.08274647887323944,0.4083014424492199,0.16634512325830653,Sacramento,80.9,8063.35,9,16,0.222,0.09789999999999999
6067004011,3202,90938,0.4456589631480325,0.3735165521549032,0.12960649594003748,0.3204247345409119,0.13210493441599,Low,0.041188386225523295,0.557683325548809,0.09681449094316052,Sacramento,87.4,7278.44,8,27,0.207,0.037000000000000005
6067004012,3482,96250,0.4330844342331993,0.38024124066628373,0.11143021252153934,0.34319356691556574,0.07725445146467548,Low,0.02894438138479001,0.5836592785745328,0.08299827685238369,Other,83,5557.22,9,29,0.20800000000000002,0.066
6067004100,4994,34554,0.4695634761714057,0.19663596315578694,0.13215859030837004,0.28614337204645574,0.2945534641569884,Low,0.07228915662650602,0.12930740361651313,0.12474969963956749,Sacramento,74.9,6387.83,8,18,0.267,0.157
6067004201,4939,46059,0.466693662684754,0.1797934804616319,0.2840656003239522,0.14071674428021866,0.3000607410406965,Low,0.11742983751846381,0.13157002373685994,0.11642032800161976,Sacramento,78.4,7216.32,6,17,0.282,0.2002
6067004202,5549,35469,0.4694539556676879,0.15101820147774372,0.234817084159308,0.14957650027031896,0.3222202198594341,Low,0.1727325245522819,0.08317639673571876,0.1331771490358623,Sacramento,76.7,8733.25,12,24,0.257,0.2822
6067004203,4848,29485,0.4504950495049505,0.0950907590759076,0.10705445544554455,0.3234323432343234,0.36076732673267325,Mid,0.1643646408839779,0.10212933753943218,0.06291254125412542,Sacramento,77.1,8087.79,10,25,0.27,0.19690000000000002
6067004300,10326,42725,0.5020337013364323,0.12134417974046097,0.2199302730970366,0.3465039705597521,0.2643811737361999,Mid,0.15412782956058588,0.10637864275524761,0.06827425915165601,Other,75.3,6548.3,13,22,0.32799999999999996,0.2296
6067004401,4137,30985,0.46386270244138267,0.18757553782934494,0.11360889533478366,0.23930384336475707,0.39593908629441626,Low,0.1544011544011544,0.04810324599139617,0.11022480058013052,Other,76,7699.79,5,18,0.226,0.215
6067004402,3848,25302,0.4456860706860707,0.11564449064449064,0.07640332640332641,0.257016632016632,0.5088357588357588,Mid,0.16666666666666666,0.05145719489981785,0.09927234927234928,Other,75.3,8877.49,7,15,0.24,0.217
6067004501,3934,29231,0.5353329944077275,0.07727503812913065,0.09430604982206406,0.3472292831723437,0.4471276054905948,Mid,0.07317073170731707,0.0196926032660903,0.045246568378240974,Other,75.1,5070.78,5,26,0.281,0.21489999999999998
6067004502,4422,30370,0.46720940750791495,0.2259158751696065,0.13930348258706468,0.11646313885119855,0.48123021257349613,Mid,0.27212918660287083,0.055283414975507345,0.1013116236996834,Other,74.7,4596.17,8,23,0.212,0.1893
6067004601,7513,34375,0.5132437109011048,0.24983362172234794,0.11726341008917876,0.21842140290163717,0.3991747637428457,Mid,0.14542415378186377,0.0706428746027866,0.06748302941567949,Other,76.2,8695.91,9,20,0.257,0.27149999999999996
6067004602,5006,30160,0.4876148621654015,0.1937674790251698,0.10846983619656413,0.09368757491010787,0.5713144226927687,Mid,0.12072304712717882,0.11067335243553009,0.08110267678785457,Other,75.4,9966.74,6,10,0.149,0.2755
6067004701,3541,21615,0.4360350183563965,0.14402711098559728,0.14939282688506073,0.2586839875741316,0.3719288336628071,Mid,0.2102510460251046,0.09577632361689471,0.10618469358938153,Other,76.5,6103.56,5,26,0.17800000000000002,0.1739
6067004702,5073,43074,0.5156712004730929,0.12596096984033117,0.17425586438005125,0.13818253498915828,0.42814902424600826,Low,0.16971916971916973,0.10452586206896551,0.08515671200473093,Other,73.1,8318.42,5,22,0.191,0.21600000000000003
6067004801,5625,34668,0.49333333333333335,0.1376,0.13102222222222223,0.39911111111111114,0.23804444444444445,Low,0.12126642771804062,0.07959887182701347,0.13493333333333332,Other,77.7,8160.55,4,24,0.297,0.21170000000000003
6067004802,4232,38967,0.5155954631379962,0.235586011342155,0.16587901701323252,0.20415879017013233,0.3558601134215501,Low,0.15789473684210525,0.07815198618307427,0.15855387523629488,Other,76.1,8160.85,4,24,0.245,0.2191
6067004903,6030,33342,0.4660033167495854,0.12802653399668326,0.22669983416252074,0.37512437810945276,0.21890547263681592,Mid,0.148109243697479,0.14340626848018923,0.06716417910447761,Other,75.5,9832.77,8,25,0.276,0.1641
6067004904,5820,52163,0.4486254295532646,0.31168384879725086,0.15601374570446735,0.13951890034364262,0.3391752577319588,Low,0.12265758091993186,0.138911676237353,0.11168384879725086,Other,80.3,5933.67,10,24,0.22699999999999998,0.1838
6067004905,7498,32967,0.4714590557481995,0.17791411042944785,0.15737530008002135,0.08028807682048546,0.5217391304347826,Low,0.14930409110080134,0.1262509622786759,0.10522806081621766,Sacramento,79.1,10016.8,6,21,0.307,0.2087
6067004906,2412,48600,0.412106135986733,0.14635157545605307,0.41376451077943616,0.28938640132669985,0.08955223880597014,Low,0.08459869848156182,0.14452554744525548,0.06882255389718077,Sacramento,75.4,7558.7,5,28,0.222,0.20559999999999998
6067005001,7374,49190,0.46569026308652023,0.22280987252508816,0.1414429075128831,0.2110116625983184,0.34960672633577433,Low,0.08712282192945177,0.10252293577981651,0.13154326010306483,Other,79.7,8931.56,5,20,0.25,0.3002
6067005002,5415,24912,0.4522622345337027,0.303601108033241,0.2033240997229917,0.1765466297322253,0.27497691597414586,Mid,0.1621017328116266,0.09164345403899722,0.2164358264081256,Other,72.4,5310.42,8,16,0.27399999999999997,0.17120000000000002
6067005101,4339,50666,0.49942383037566257,0.2737958054851348,0.11615579626642084,0.08227702235538142,0.5051855266190366,Low,0.056768558951965066,0.08773291925465838,0.08988246139663517,Other,76.6,5643.05,3,27,0.272,0.19640000000000002
6067005102,4464,45828,0.5004480286738351,0.37051971326164873,0.08400537634408602,0.2289426523297491,0.267921146953405,Low,0.10864575363427698,0.12227225493591964,0.2206541218637993,Other,76.8,3749.68,3,36,0.172,0.20370000000000002
6067005201,2573,25472,0.45200155460551883,0.4279051690633502,0.1748931208705791,0.15079673532841043,0.20365332296929653,Mid,0.05291970802919708,0.5390728476821192,0.00388651379712398,Sacramento,78.71533333333333,4184.34,4,11,0.244540192926045,0.175
6067005202,3367,61598,0.525096525096525,0.6596376596376596,0.051084051084051084,0.06355806355806355,0.19097119097119097,Low,0.07365223993925589,0.41793168880455406,0.16335016335016336,Other,78.71533333333333,4643.76,6,7,0.21,0.10640000000000001
6067005204,4289,54226,0.5446491023548613,0.6980648169736535,0.062252273257169505,0.08183725810212171,0.14362322219631615,Low,0.07887479316050745,0.3763440860215054,0.2196316157612497,Other,82.2,2942.24,4,18,0.218,0.1056
6067005205,2203,32612,0.46709033136631867,0.5910122560145257,0.23558783477076714,0.053109396277803,0.08987743985474353,Low,0.10979228486646884,0.3163353500432152,0.11438946890603723,Other,78.1,614.71,10,25,0.179,0.153
6067005301,1352,16364,0.6198224852071006,0.34763313609467456,0.3380177514792899,0.04437869822485207,0.14423076923076922,High,0.373134328358209,0.011033099297893681,0.06656804733727811,Sacramento,68,810.25,31,7,0.5,0.303
6067005402,2708,37455,0.4449778434268833,0.5572378138847858,0.12223042836041359,0.12112259970457903,0.1621122599704579,Low,0.054377880184331796,0.3563487419543593,0.1274002954209749,Other,76.5,1263.99,4,9,0.244540192926045,0.16690000000000002
6067005403,2175,72039,0.48551724137931035,0.8073563218390805,0,0.1347126436781609,0.05149425287356322,Low,0.05444887118193891,0.7226361031518624,0.36,Sacramento,85.5,4407.8,3,14,0.21899999999999997,0.048
6067005404,5386,75568,0.46787968808020797,0.7961381359079094,0.020608986260675827,0.07111028592647604,0.08132194578536947,Low,0.06930232558139535,0.6814888833374969,0.21852952098031936,Other,81.5,3651.55,7,15,0.195,0.1116
6067005502,5275,30174,0.5141232227488152,0.30274881516587676,0.15526066350710901,0.05175355450236967,0.41023696682464456,Low,0.14677574590952838,0.14481409001956946,0.06521327014218009,Other,76.5,4946.02,6,8,0.18,0.3249
6067005505,4166,34721,0.4666346615458473,0.4071051368218915,0.1627460393662986,0.05328852616418627,0.3084493518963034,Low,0.05625,0.17439832577607256,0.10681709073451752,Other,76.2,6005.14,5,16,0.217,0.2234
6067005506,2772,35110,0.5378787878787878,0.38852813852813856,0.2049062049062049,0.08513708513708514,0.28066378066378067,Low,0.06102877070619006,0.23688760806916426,0.056998556998557,Other,76.8,6117.82,3,14,0.239,0.17190000000000003
6067005508,3178,45134,0.4367526746381372,0.7054751415984896,0.10037759597230964,0.06670862177470108,0.12429200755191945,Low,0.08887507768800497,0.5292233787029623,0.13624921334172435,Other,73.7,8347.17,3,15,0.215,0.1408
6067005509,2118,34298,0.5533522190745986,0.3021718602455146,0.11520302171860246,0.15769593956562794,0.34419263456090654,Mid,0.013192612137203167,0.3155856727976767,0.015108593012275733,Other,76.5,15365.06,2,26,0.33399999999999996,0.2548
6067005510,4240,40792,0.4945754716981132,0.5077830188679245,0.14457547169811322,0.06627358490566038,0.2349056603773585,Low,0.1615214994487321,0.3420729209340434,0.07547169811320754,Other,79.5,17166.27,3,17,0.311,0.27940000000000004
6067005601,4703,34115,0.3831596853072507,0.6240697427174144,0.10078673187327238,0.08420157346374654,0.11758452051881778,Low,0.045318725099601595,0.360702875399361,0.1547948118222411,Other,74.8,4789.22,6,18,0.222,0.2311
6067005605,3030,35643,0.49174917491749176,0.5033003300330033,0.07491749174917492,0.033663366336633666,0.33564356435643566,Low,0.12067640276710223,0.18577494692144372,0.10495049504950495,Other,77.6,6292.6,4,16,0.273,0.2437
6067005606,4031,49462,0.44777970726866784,0.6829570826097743,0.06375589183825353,0.047878938228727366,0.15083105929049864,Low,0.09702748177229388,0.3742649602213767,0.14983874968990324,Other,77.9,4009.53,5,17,0.201,0.127
6067005701,3208,78385,0.4273690773067332,0.8173316708229427,0.07512468827930174,0.020261845386533667,0.042082294264339154,Low,0.07083333333333333,0.4232827832292596,0.17238154613466333,Other,78.5,3009.68,5,21,0.213,0.044199999999999996
6067005702,5157,115125,0.47197983323637777,0.8576691875121194,0.027341477603257707,0.06612371533837502,0.025208454527826257,Low,0.02225378787878788,0.6684571769621008,0.15842544114795423,Other,83.1,3779.44,7,20,0.183,0.0256
6067005801,5203,64136,0.46146453968864115,0.8329809725158562,0.01672112242936767,0.028060734191812417,0.07803190467038247,Low,0.09187935034802784,0.39983866630814735,0.18008841053238517,Other,80.4,4953.18,5,21,0.22899999999999998,0.126
6067005803,3365,105189,0.4826151560178306,0.8344725111441308,0.018722139673105497,0.09420505200594353,0.026448736998514116,Low,0.03152088258471237,0.614176245210728,0.2906389301634473,Other,81.5,2469.8,10,21,0.18899999999999997,0.0355
6067005804,2542,91667,0.47718332022029897,0.8768686073957513,0.010228166797797011,0.08969315499606609,0.01730920535011802,Low,0.05040322580645161,0.5933300149328024,0.26868607395751376,Other,77.7,2529.6,7,22,0.166,0.0381
6067005901,5965,64241,0.44341994970662196,0.7604358759430009,0.06588432523051131,0.02196144174350377,0.1212070410729254,Low,0.04806346243583761,0.3445397635056805,0.2732606873428332,Other,78.1,4485.19,5,21,0.209,0.1151
6067005903,2260,39375,0.4464601769911504,0.5924778761061947,0.1168141592920354,0.06283185840707965,0.17787610619469027,Low,0.014778325123152709,0.17394270122783084,0.11814159292035398,Other,74.8,9019.5,2,30,0.134,0.1281
6067005904,4829,62250,0.4661420583971837,0.8005798301925865,0.02091530337544005,0.0051770552909505075,0.16442327604058812,Low,0.03870651641352278,0.3745361119040822,0.1499275212259267,Other,76.3,4793.84,3,24,0.23199999999999998,0.1245
6067006002,4499,37559,0.4360969104245388,0.7126028006223605,0.06379195376750389,0.039119804400977995,0.14003111802622806,Low,0.08873239436619719,0.22336659156742839,0.12424983329628807,Other,77.3,6078.62,2,20,0.253,0.15990000000000001
6067006003,4519,42535,0.4936932949767648,0.6154016375304271,0.06328833812790441,0.03562735118389024,0.22372206240318654,Low,0.08050383351588171,0.17293474766955963,0.14782031422881167,Other,77.4,7474.42,1,17,0.217,0.1957
6067006004,2323,73567,0.49031424881618596,0.7804563065002152,0.009040034438226431,0.04003443822643134,0.08092983211364614,Low,0.06543778801843318,0.38754907459338195,0.2079207920792079,Other,80.6,4633.42,1,19,0.203,0.11470000000000001
6067006101,4188,33278,0.49570200573065903,0.629178605539637,0.1055396370582617,0.038204393505253106,0.14565425023877746,Low,0.16883923029174425,0.23109796186719264,0.14422158548233047,Other,74.5,4267.38,4,17,0.175,0.2005
6067006102,3538,47773,0.5118711136235161,0.6026003391746749,0.11984171848501979,0.022328999434708875,0.14301865460712268,Low,0.10958005249343832,0.26524879614767255,0.13651780667043528,Other,78.4,6162.82,4,17,0.253,0.1609
6067006201,5787,36326,0.4974943839640574,0.5095904613789528,0.10592707793329878,0.04095386210471747,0.32382927250734406,Low,0.08592661402693916,0.20212187159956474,0.10523587350959046,Other,75.8,7313.01,8,14,0.28800000000000003,0.175
6067006202,4095,28837,0.4564102564102564,0.4844932844932845,0.1374847374847375,0.01684981684981685,0.2805860805860806,Mid,0.22792937399678972,0.10821052631578948,0.1010989010989011,Other,69.3,5719.11,8,8,0.253,0.1449
6067006300,4388,39107,0.4783500455788514,0.37807657247037374,0.08682771194165907,0.09503190519598906,0.35665451230628986,Low,0.09905956112852665,0.09173976608187134,0.05218778486782133,Sacramento,76.3,4322.62,9,13,0.29600000000000004,0.2571
6067006400,5891,34280,0.49567136309624854,0.36886776438635205,0.09370225768120863,0.11984382957053132,0.3435749448310983,Mid,0.14222954420647996,0.07485307763686978,0.07265319979629944,Other,70.9,4052.99,3,12,0.254,0.2519
6067006500,6526,38182,0.4993870671161508,0.2520686484829911,0.22770456634998468,0.20456634998467668,0.2781182960465829,Low,0.1122754491017964,0.07446808510638298,0.07385841250383084,Sacramento,72,4417.3,7,17,0.28300000000000003,0.19820000000000002
6067006600,5919,31461,0.5141071126879541,0.3341780706200372,0.1336374387565467,0.11251900658895084,0.3463422875485724,Low,0.19455645161290322,0.08862506902263942,0.059638452441290755,Sacramento,75.3,7222.88,12,16,0.27399999999999997,0.2262
6067006701,8942,44497,0.5402594497875196,0.23820174457615745,0.12279132185193468,0.18575262804741668,0.39208230820845447,Low,0.09001272264631044,0.1273936706309212,0.07638112279132185,Sacramento,75.2,6589.41,6,14,0.262,0.19260000000000002
6067006702,7626,35467,0.48885392079727247,0.15670076055599266,0.22357723577235772,0.22908471020194074,0.2937319695777603,Mid,0.09842331581462016,0.08225458468176915,0.06268030422239707,Sacramento,72.9,4984.6,9,16,0.321,0.1765
6067006800,7512,27893,0.5129126730564431,0.14177316293929712,0.06482960596379127,0.12300319488817892,0.6128860489882854,Mid,0.20806962025316456,0.06066488716330987,0.07361554845580405,Sacramento,75,7781.62,17,13,0.261,0.2259
6067006900,5025,41269,0.512636815920398,0.48835820895522386,0.15980099502487563,0.0545273631840796,0.2766169154228856,Low,0.10545267489711935,0.1783970123527722,0.14487562189054726,Sacramento,72.3,2456.75,14,12,0.273,0.1045
6067007001,3802,28879,0.4715938979484482,0.29247764334560755,0.030773277222514467,0.04392425039452919,0.5699631772751184,Mid,0.25668449197860965,0.058936272160996644,0.11704366123093109,Other,75.2,3156.1,13,12,0.28600000000000003,0.1672
6067007004,6595,45566,0.4893100833965125,0.27793783169067476,0.25655799848369976,0.12615617892342684,0.26398786959818044,Low,0.08807692307692308,0.296035985380939,0.05534495830174375,Other,75.6,6783.17,10,14,0.245,0.2395
6067007007,5078,49188,0.47302087435998424,0.3483654982276487,0.07286333202048051,0.11697518708152817,0.4318629381646317,Low,0.08199445983379501,0.1402524544179523,0.10456872784560851,Sacramento,77.7,4119.92,21,14,0.21100000000000002,0.2061
6067007010,3546,58621,0.44952058657642413,0.44867456288776086,0.12069937958262832,0.1218274111675127,0.251551043429216,Low,0.08446866485013624,0.41903633491311215,0.028764805414551606,Sacramento,80.8,3876.68,19,9,0.239,0.1562
6067007011,6321,41575,0.4700205663660813,0.2203765227021041,0.2083531086853346,0.09824394874228762,0.40183515266571745,Low,0.12833798326026305,0.23935558112773303,0.021199177345356746,Sacramento,78.71533333333333,7700.67,16,8,0.24600000000000002,0.1487
6067007012,2866,56179,0.4434752267969295,0.418702023726448,0.1297976273551989,0.10048848569434753,0.3115840893230984,Low,0.03148024112525117,0.38414941948510856,0.06385205861828332,Sacramento,79.2,8170.15,9,12,0.242,0.1266
6067007013,2417,54148,0.4555233760860571,0.36367397600330986,0.17335539925527513,0.0703351261894911,0.29416632188663633,Low,0.09239130434782608,0.29330254041570436,0.07695490277203144,Sacramento,79.6,10677.7,7,14,0.226,0.1635
6067007014,6395,51838,0.4897576231430805,0.31430805316653637,0.13213448006254885,0.09648162627052384,0.41626270523846753,Low,0.13669786096256684,0.24437998549673676,0.06630179827990618,Sacramento,77.9,9814.83,12,15,0.21100000000000002,0.15789999999999998
6067007015,4010,57713,0.4773067331670823,0.4194513715710723,0.07930174563591022,0.22743142144638404,0.213715710723192,Low,0.07883597883597884,0.34559099437148216,0.08703241895261846,Other,81.1,2390.73,11,28,0.207,0.1329
6067007016,6162,77969,0.49626744563453423,0.2749107432651736,0.08244076598506979,0.27312560856864654,0.3094774423888348,Low,0.0782608695652174,0.35380546576550104,0.02839987017202207,Other,80.9,2936.47,14,28,0.273,0.0859
6067007017,2288,81394,0.48513986013986016,0.34047202797202797,0.1534090909090909,0.1861888111888112,0.27666083916083917,Low,0.010434782608695653,0.35693215339233036,0.016608391608391608,Other,81.1,999.39,17,32,0.23600000000000002,0.0953
6067007018,3778,59612,0.4984118581259926,0.32212811011116993,0.16013763896241398,0.3483324510322922,0.11514028586553732,Low,0.08087167070217918,0.36040216550657383,0.043144520910534674,Sacramento,78.1,2723.36,17,28,0.29100000000000004,0.1152
6067007019,653,21196,0.5436447166921899,0.1362940275650842,0.29555895865237364,0.05053598774885146,0.30627871362940273,Mid,0.18075801749271136,0.12258064516129032,0.11179173047473201,Other,78.71533333333333,552.18,16,35,0.244540192926045,0.2528
6067007020,3813,93000,0.4820351429320745,0.5520587463939155,0.053763440860215055,0.13716233936532915,0.21374246000524522,Low,0.05697081982399259,0.5169252468265162,0.06635195384211906,Other,82.9,4381.33,19,14,0.23,0.1404
6067007101,245,155833,0.6693877551020408,0.9510204081632653,0,0,0,Low,0.12745098039215685,0.3006134969325153,0.024489795918367346,Other,78.71533333333333,8.68,10,37,0.182,0.1208
6067007102,6716,82087,0.4857057772483621,0.41081000595592615,0.15172721858248958,0.2720369267421084,0.11688505062537224,Low,0.04679972470750172,0.44022279689675753,0.1707861822513401,Other,84.4,4199.86,22,33,0.26899999999999996,0.0917
6067007103,3732,62931,0.512593783494105,0.47481243301178994,0.07797427652733119,0.2304394426580922,0.14067524115755628,Low,0.059006211180124224,0.48336252189141854,0.028135048231511254,Sacramento,78.71533333333333,4548.6,20,35,0.292,0.24719999999999998
6067007104,7438,105050,0.5177467061037914,0.3807475127722506,0.16698037106749125,0.24495832212960472,0.14372143049206776,Low,0.04995566065622229,0.4808442303280569,0.03280451734337187,Sacramento,78.71533333333333,8952.6,25,33,0.25,0.1039
6067007105,6453,78969,0.5014721834805517,0.42057957539129087,0.11374554470788781,0.2515109251510925,0.16023554935688827,Low,0.05734310289901243,0.49831212672033237,0.02572446923911359,Other,80.7,8816.83,14,33,0.27899999999999997,0.1286
6067007106,6645,99120,0.4784048156508653,0.3673438675696012,0.14010534236267871,0.22648607975921745,0.1870579382994733,Low,0.08256880733944955,0.5266912669126691,0.0398796087283672,Other,79.8,2913.43,18,33,0.298,0.1082
6067007107,3271,120042,0.5649648425557934,0.4157749923570773,0.12014674411494956,0.22378477529807397,0.1528584530724549,Low,0.0749400479616307,0.5445026178010471,0.037908896361968814,Other,81.3,643.09,10,35,0.29600000000000004,0.0662
6067007202,3599,58316,0.4790219505418172,0.5698805223673242,0.08530147263128647,0.1072520144484579,0.2017227007502084,Low,0.050455501051156273,0.17926476662536142,0.14392886913031397,Other,75.6,979.49,9,14,0.284,0.14550000000000002
6067007204,4809,55585,0.5279683925972135,0.438136826783115,0.11312123102516115,0.1705136202952797,0.20399251403618215,Low,0.11957029425502101,0.1391156462585034,0.05718444583073404,Other,77.7,1571.4,6,23,0.273,0.1912
6067007206,4205,71765,0.5127229488703924,0.8116527942925089,0.01403091557669441,0.030439952437574316,0.11248513674197384,Low,0.09743589743589744,0.11865546218487395,0.1367419738406659,Other,74.7,572.21,5,31,0.248,0.153
6067007207,4098,58782,0.4870668618838458,0.837725719863348,0.003416300634455832,0.052464616886285995,0.08931185944363104,Low,0.09561752988047809,0.1253293187805796,0.08638360175695461,Other,78.1,1217.91,6,30,0.23600000000000002,0.1432
6067007208,4248,60156,0.4924670433145009,0.6501883239171374,0.026365348399246705,0.054613935969868174,0.21468926553672316,Low,0.11847507331378299,0.09836065573770492,0.10734463276836158,Other,74.8,1535.37,8,22,0.28300000000000003,0.1857
6067007209,3589,63444,0.4931735859570911,0.786012816940652,0.04736695458344943,0.0033435497353023124,0.11981053218166621,Low,0.09494949494949495,0.08550662676357418,0.10671496238506548,Other,74.8,3732.11,5,25,0.255,0.17859999999999998
6067007301,4969,37326,0.46387603139464684,0.34654860132823506,0.10907627289192996,0.05675186154155766,0.4395250553431274,Low,0.06356968215158924,0.07659241891363815,0.05735560474944657,Other,78.4,939.56,10,14,0.262,0.2379
6067007402,6482,55389,0.46590558469608145,0.5035482875655661,0.10104905893242826,0.03995680345572354,0.2655044739278001,Low,0.04020570359981299,0.09982309830679809,0.14424560320888616,Other,74,5592.72,4,23,0.255,0.2028
6067007403,4038,50065,0.5445765230312035,0.5316988608221892,0.07429420505200594,0.010648836057454186,0.3447251114413076,Low,0.055198973042362,0.09983831851253032,0.12109955423476969,Other,75.2,5420.11,6,20,0.217,0.1906
6067007406,6862,40437,0.46997959778490234,0.5377440979306325,0.16452929175167588,0.06106091518507724,0.1917808219178082,Low,0.09086606720302887,0.11913534758044707,0.15913727776158554,Other,76.7,4330.14,8,25,0.23800000000000002,0.1748
6067007413,6092,28507,0.4566644780039396,0.5029546946815495,0.13985554826001312,0.09569927774130006,0.19993434011818778,Mid,0.106703146374829,0.15209646478487257,0.087655942219304,Other,77.1,2801.83,6,6,0.264,0.15960000000000002
6067007414,4205,39631,0.48846611177170035,0.5797859690844233,0.166230677764566,0.06730083234244946,0.12889417360285374,Low,0.1448051948051948,0.0973920130399348,0.052318668252080855,Other,76.4,7777.9,3,23,0.26899999999999996,0.20079999999999998
6067007415,3264,60341,0.5536151960784313,0.6393995098039216,0.12377450980392157,0.07628676470588236,0.14705882352941177,Low,0.057676685621445976,0.1933781190019194,0.15808823529411764,Other,81.3,5122.78,5,13,0.209,0.1405
6067007416,3981,44146,0.48028133634765136,0.634262748053253,0.044461190655614165,0.038934940969605626,0.1873901029891987,Low,0.12390572390572391,0.14086687306501547,0.1391610148203969,Other,77.1,8422.09,3,19,0.23,0.1173
6067007417,3494,62813,0.5143102461362336,0.6516886090440756,0.1336576989124213,0.13737836290784203,0.05094447624499141,Low,0.09703287890938252,0.13364779874213836,0.08786491127647396,Other,75.5,3172.38,10,29,0.258,0.26649999999999996
6067007421,8168,81639,0.5,0.5574191968658179,0.062193927522037215,0.18780607247796277,0.16270812928501469,Low,0.044993141289437585,0.27463484879654393,0.06709108716944172,Other,78.71533333333333,5087.88,8,28,0.26899999999999996,0.08929999999999999
6067007422,2370,44063,0.5054852320675105,0.7160337552742616,0.12236286919831224,0.01350210970464135,0.084810126582278475,Low,0.10427807486631016,0.12882953652788687,0.08565400843881857,Other,80.3,7147.58,4,19,0.218,0.24760000000000001
6067007423,5225,29675,0.48229665071770333,0.3521531100478469,0.20822966507177035,0.006507177033492823,0.39636363636363636,Mid,0.12550143266475644,0.08297954457738325,0.03272727272727273,Other,75.3,13932.27,2,15,0.268,0.25379999999999997
6067007424,3724,39112,0.45515574650913,0.5561224489795918,0.1909237379162191,0.06928034371643395,0.12593984962406016,Mid,0.11421911421911422,0.16520129569643682,0.09532760472610097,Other,72.9,6305.61,3,10,0.258,0.2118
6067007426,2135,53250,0.45901639344262296,0.57096018735363,0.21124121779859484,0.06791569086651054,0.09976580796252928,Low,0.0335195530726257,0.1865079365079365,0.060421545667447306,Other,75.4,6665.19,5,33,0.304,0.1094
6067007427,6869,53986,0.502984422768962,0.56310962294366,0.10481875090988499,0.14121415053137285,0.11355364681904208,Low,0.05987611837577426,0.2535211267605634,0.050225651477653226,Other,83.8,8987.3,11,26,0.237,0.231
6067007428,2991,51602,0.5493146104981611,0.720160481444333,0.04948177866934136,0.06586425944500167,0.13172851889000334,Low,0.0455531453362256,0.21271622253389436,0.07422266800401203,Other,80.7,6857.62,5,31,0.285,0.17370000000000002
6067007429,5317,44956,0.49144254278728605,0.4372766597705473,0.12431822456272335,0.062065074290013164,0.3029904081248824,Low,0.08691588785046729,0.1676727028839705,0.029904081248824526,Other,77.5,12672.7,5,28,0.264,0.154
6067007430,8516,68358,0.4559652418976045,0.5340535462658526,0.1395021136683889,0.059417566932832316,0.19586660403945513,Low,0.05947399880454274,0.19751002321164804,0.04532644434006576,Other,80.6,10610.03,5,26,0.315,0.1503
6067007431,3301,85423,0.4719781884277492,0.5368070281732809,0.07664344138139957,0.1687367464404726,0.1351105725537716,Low,0.03843807199511898,0.22566371681415928,0.060890639200242354,Other,80.8,7607.49,7,32,0.231,0.10640000000000001
6067007432,4509,86182,0.4233754712796629,0.6626746506986028,0.15945886005766247,0.024617431803060547,0.11865158571745398,Low,0.03333333333333333,0.2549019607843137,0.02750055444666223,Other,81.8,11713.19,3,32,0.295,0.0724
6067007433,7823,64634,0.4849801866291704,0.6203502492649878,0.055988751118496743,0.14329541096765946,0.07771954493161191,Low,0.04036295369211514,0.24537579021306485,0.04934168477566151,Other,77.9,7601.44,8,30,0.305,0.2132
6067007501,5894,39321,0.47675602307431286,0.7595860196810316,0.07567017305734645,0.019002375296912115,0.12639972853749576,Low,0.10966292134831461,0.14716459197787,0.12758737699355277,Other,72.3,5972.53,7,18,0.275,0.2066
6067007503,5626,40908,0.45769640952719515,0.5063988624244579,0.11820120867401351,0.057945254177035194,0.19605403483825098,Low,0.15274463007159905,0.15702736318407962,0.10504799146818343,Other,74.7,6962.08,4,15,0.24600000000000002,0.22829999999999998
6067007504,2230,59188,0.38789237668161436,0.7295964125560538,0.08699551569506726,0.03587443946188341,0.11210762331838565,Low,0.018633540372670808,0.23668240053944706,0.22869955156950672,Other,73.9,1552.7,5,13,0.214,0.1419
6067007601,6743,41352,0.4449058282663503,0.7118493252261605,0.04686341391072223,0.0781551238321222,0.11745513866231648,Low,0.13267998492272898,0.3270551739419455,0.15289930298086904,Other,80.2,5561.46,6,22,0.21100000000000002,0.1416
6067007602,4501,55460,0.5036658520328816,0.7887136191957342,0.04910019995556543,0.056654076871806264,0.06176405243279271,Low,0.09769820971867008,0.275935503498631,0.19151299711175293,Other,75.2,4796.93,5,22,0.23,0.1542
6067007701,6176,50344,0.4577396373056995,0.6716321243523317,0.0430699481865285,0.05132772020725389,0.16580310880829016,Low,0.11276102088167053,0.2466103862880532,0.09051165803108809,Other,75.5,6477.51,4,22,0.255,0.1109
6067007702,4373,74817,0.41001600731763094,0.8232334781614452,0.00846101074777041,0.03567345072032929,0.09741596158243769,Low,0.058445353594389245,0.45528455284552843,0.24651269151612165,Other,81.6,4414.56,9,23,0.182,0.0359
6067007801,6158,52069,0.4917180902890549,0.7536537836960052,0.04222150048717116,0.08330626826891847,0.07096459889574537,Low,0.0855457227138643,0.3475524475524476,0.15313413445924,Other,78,3960.55,6,29,0.20600000000000002,0.2121
6067007802,4781,52946,0.5032419995816775,0.7209788747124033,0.0725789583769086,0.043923865300146414,0.1267517255804225,Low,0.06520577231427044,0.3562206572769953,0.18301610541727673,Other,77.2,2719.83,8,24,0.22699999999999998,0.1578
6067007903,4326,65833,0.4981507165973185,0.7711511789181692,0.0048543689320388345,0.06796116504854369,0.10633379565418401,Low,0.0862173649058895,0.2850452700593194,0.2512713823393435,Other,80.9,4655.78,6,27,0.242,0.1787
6067007904,4878,69865,0.4821648216482165,0.7607626076260763,0.042845428454284545,0.025625256252562525,0.12525625256252562,Low,0.07510431154381085,0.34119033588685915,0.17609676096760968,Other,80.4,5490.88,6,26,0.23600000000000002,0.0731
6067007905,3945,76786,0.461850443599493,0.8220532319391635,0.017743979721166033,0.02991128010139417,0.10595690747782002,Low,0.02431791221826809,0.4330925352597179,0.20405576679340937,Other,79.4,4479.25,7,27,0.204,0.1012
6067007906,3340,51613,0.5,0.8200598802395209,0.0344311377245509,0.01976047904191617,0.10359281437125749,Low,0.05614783226723525,0.32469775474956825,0.16526946107784432,Other,79.2,4777.3,6,27,0.201,0.0776
6067008005,4861,115972,0.5077144620448467,0.8294589590619215,0.011931701296029624,0.06418432421312487,0.07159020777617774,Low,0.05523893029373082,0.5344877344877345,0.17012960296235344,Other,80.8,2202.12,5,36,0.231,0.0666
6067008006,5454,78576,0.47616428309497616,0.8208654198753209,0.01595159515951595,0.048038137147048035,0.07517418408507517,Low,0.07826847398338435,0.40979056270502145,0.1938027136046938,Other,83.3,2736.86,6,32,0.252,0.0934
6067008007,3223,54621,0.48557244802978594,0.763574309649395,0.03288861309339125,0.021408625504188643,0.1607198262488365,Low,0.08023648648648649,0.32918454935622316,0.19205708966801116,Other,78.2,3850.62,4,29,0.21899999999999997,0.1547
6067008008,4582,86270,0.5242252291575731,0.795067656045395,0,0.04124836316019206,0.12418158009602794,Low,0.038442336495257114,0.4005856515373353,0.17721518987341772,Other,80.3,3941.92,2,29,0.203,0.0669
6067008009,4080,57068,0.478921568627451,0.8049019607843138,0.012254901960784314,0.030637254901960783,0.09632352941176471,Low,0.03027084439723845,0.4754692130391834,0.1463235294117647,Other,82.3,2627.42,4,31,0.204,0.08070000000000001
6067008010,5000,69337,0.4696,0.8392,0.0038,0.0658,0.0722,Low,0.024444444444444446,0.47282307265668333,0.1566,Other,80.8,2540.35,7,31,0.205,0.1255
6067008111,6530,66560,0.48621745788667686,0.7464012251148545,0.06324655436447167,0.030781010719754975,0.1453292496171516,Low,0.11154116819141449,0.12394043528064147,0.13705972434915772,Citrus Heights,77.8,5634.45,4,24,0.254,0.1346
6067008113,3921,50573,0.49273144605967867,0.675592960979342,0.005865850548329507,0.01810762560571283,0.26447334863555216,Low,0.1195079086115993,0.08351843625055531,0.07982657485335373,Citrus Heights,78.4,6045.6,1,19,0.23800000000000002,0.21050000000000002
6067008117,2213,53070,0.52643470402169,0.7559873474920922,0.00858563036601898,0.04699502937189336,0.16945323090826933,Low,0.04838709677419355,0.1925754060324826,0.15454134658834162,Other,78,5714.61,5,25,0.263,0.14150000000000001
6067008119,5560,59857,0.4631294964028777,0.8262589928057554,0.028597122302158273,0.046402877697841724,0.07913669064748201,Low,0.10392156862745099,0.20590582601755786,0.13399280575539568,Other,78.8,6162.02,7,27,0.23399999999999999,0.0977
6067008120,5111,50997,0.5184895323811387,0.8045392291136764,0.027978869105850127,0.017609078458227352,0.14517706906671884,Low,0.06939281288723669,0.16508712931825129,0.08921933085501858,Citrus Heights,76,6399.44,7,28,0.258,0.172
6067008122,3515,55581,0.4304409672830726,0.6867709815078236,0.002844950213371266,0.0492176386913229,0.2364153627311522,Low,0.12223858615611193,0.3084267330842673,0.1860597439544808,Other,80.4,3507.06,2,31,0.259,0.09820000000000001
6067008124,4189,79915,0.5017904034375746,0.7436142277393173,0.0083552160420148,0.03915015516829792,0.17020768679875867,Low,0.04871660555264536,0.29869695957233544,0.15612317975650514,Other,80,4757.58,7,24,0.22899999999999998,0.1072
6067008125,5104,64620,0.5160658307210031,0.8740203761755486,0,0.03369905956112853,0.06916144200626959,Low,0.09274873524451939,0.24325092355782893,0.13440438871473354,Other,78.4,5328.01,7,26,0.27399999999999997,0.16879999999999998
6067008127,5143,66996,0.4965973167412016,0.6544818199494459,0.04705424849309742,0.06202605483181023,0.21232743534901807,Low,0.08348214285714285,0.16397228637413394,0.06047054248493097,Other,78.8,5339.75,5,21,0.264,0.16
6067008128,2438,62557,0.49097621000820346,0.8289581624282198,0,0,0.1616078753076292,Low,0.016789087093389297,0.19932432432432431,0.14520098441345364,Other,76.4,6349.34,4,9,0.266,0.11720000000000001
6067008129,3059,62658,0.4867603792088918,0.7718208564890487,0.02353710362863681,0.006211180124223602,0.15724092840797646,Low,0.12330946698488465,0.12777777777777777,0.18404707420725727,Other,78.3,7732.5,2,12,0.265,0.21030000000000001
6067008130,3769,64199,0.44972141151499073,0.7187582913239586,0.10692491377023083,0.01114353940037145,0.07084107190236137,Low,0.0967741935483871,0.21396993810786913,0.10453701247015124,Other,80,5692.15,5,13,0.29,0.11220000000000001
6067008131,5329,42655,0.5132294989679115,0.7682492024770126,0.0570463501595046,0.02270594858322387,0.10921373616063051,Low,0.13842058562555457,0.14107192446542627,0.15425032839181835,Other,78.5,4371.09,7,22,0.20600000000000002,0.1604
6067008132,3787,61830,0.4594665962503301,0.7937681542117772,0.01082651175072617,0.020068655928175336,0.10668074993398469,Low,0.060689655172413794,0.17677902621722846,0.24980195405334038,Citrus Heights,79.5,4884.16,4,21,0.233,0.07730000000000001
6067008133,2548,28785,0.5,0.6546310832025117,0.1283359497645212,0.054552590266875985,0.08163265306122448,Low,0.12605042016806722,0.19218651543793322,0.14678178963893249,Other,77,7599.92,4,23,0.205,0.11800000000000001
6067008134,4674,50032,0.4676936243046641,0.751604621309371,0.058194266153187846,0.05455712451861361,0.09927257167308515,Low,0.06706652126499454,0.21573857952650882,0.11681643132220795,Other,76.2,7418.96,6,24,0.23399999999999999,0.10769999999999999
6067008135,4174,43045,0.3833253473885961,0.7426928605654048,0.01892668902731193,0.04264494489698131,0.1377575467177767,Low,0.12548512289780078,0.24497869750456483,0.3109726880689986,Citrus Heights,76.7,7351.05,6,25,0.26,0.12390000000000001
6067008136,2215,44643,0.36975169300225735,0.7765237020316027,0.05914221218961625,0.021218961625282168,0.06772009029345373,Low,0.06589958158995816,0.3036227717078781,0.2505643340857788,Citrus Heights,72.9,4082.65,4,25,0.257,0.172
6067008137,2202,46213,0.5490463215258855,0.821071752951862,0.10036330608537693,0.023614895549500452,0.04586739327883742,Low,0.11379310344827587,0.21774701069855254,0.2025431425976385,Other,79.1,5807.07,2,28,0.245,0.12140000000000001
6067008138,3265,55865,0.5185298621745789,0.7320061255742726,0.02909647779479326,0.019295558958652374,0.18131699846860644,Low,0.03905053598774885,0.23222124670763827,0.18039816232771821,Other,78.8,5112.83,3,29,0.212,0.24719999999999998
6067008139,3532,38557,0.4742355605889015,0.5481313703284258,0.14467723669309174,0.09711211778029445,0.19252548131370328,Low,0.19810725552050473,0.22008803521408563,0.1245753114382786,Other,78.6,6516.93,2,29,0.292,0.2238
6067008140,2290,67712,0.42052401746724893,0.9034934497816594,0.003930131004366812,0.020087336244541485,0.07248908296943231,Low,0.08287292817679558,0.2270133164235891,0.15109170305676856,Citrus Heights,78.6,4547,4,27,0.298,0.15310000000000001
6067008141,7291,42091,0.5128240296255657,0.5472500342888492,0.08846523110684405,0.022630640515704292,0.30955973117542174,Low,0.052732502396931925,0.11894760114967942,0.08613358935674119,Citrus Heights,75.5,8408.25,4,23,0.228,0.2672
6067008142,3768,50953,0.5047770700636943,0.7786624203821656,0.0018577494692144374,0.02945859872611465,0.17223991507430997,Low,0.058333333333333334,0.1648793565683646,0.07537154989384288,Citrus Heights,76.3,5732.27,4,23,0.22699999999999998,0.1832
6067008143,4294,50158,0.5365626455519329,0.7761993479273405,0.019795062878435025,0.027480204937121566,0.16604564508616673,Low,0.11581920903954802,0.19329608938547485,0.08220773171867722,Other,77.1,4573.04,5,25,0.282,0.1388
6067008144,2475,76042,0.4892929292929293,0.858989898989899,0.0048484848484848485,0,0.12767676767676767,Low,0.05163636363636363,0.30227398779811426,0.07797979797979798,Other,78.71533333333333,4682.36,2,24,0.262,0.1833
6067008145,7190,85365,0.513769123783032,0.7721835883171071,0.03240611961057024,0.07468706536856745,0.08636995827538248,Low,0.06603194103194103,0.2550321643494501,0.11974965229485396,Other,79.8,5614.79,6,27,0.253,0.131
6067008203,4964,67708,0.47643029814665594,0.8646253021756648,0.01893634165995165,0.016116035455278,0.08823529411764706,Low,0.04780487804878049,0.2610709117221418,0.1597502014504432,Other,78.71533333333333,2022.72,10,32,0.221,0.11869999999999999
6067008204,4110,59904,0.5104622871046228,0.7705596107055961,0.05766423357664233,0.04111922141119222,0.09245742092457421,Low,0.0751201923076923,0.2750607006590357,0.16253041362530413,Other,77.2,4481.26,2,32,0.21899999999999997,0.0587
6067008206,5326,77961,0.47878332707472776,0.7838903492301915,0.049943672549755916,0.045061960195268494,0.07923394667668043,Low,0.051833122629582805,0.24035087719298245,0.09800976342470898,Other,80.8,5176.17,5,33,0.253,0.1638
6067008207,4615,77611,0.49447453954496207,0.8468039003250271,0,0.02210184182015168,0.09729144095341279,Low,0.05712979890310786,0.29435483870967744,0.12654387865655473,Other,80.1,3127.61,6,36,0.233,0.13119999999999998
6067008208,4743,44792,0.5414294750158127,0.833438751844824,0.01644528779253637,0.006535947712418301,0.09213577904279992,Low,0.14191616766467066,0.15924474527965798,0.10731604469744888,Other,79.4,3359.57,6,31,0.231,0.11470000000000001
6067008209,3674,84750,0.45209580838323354,0.8614589003810561,0.015786608600979857,0.040283070223189985,0.06967882416984214,Low,0.04320636725412166,0.4398663697104677,0.1467065868263473,Other,80.4,3036.37,8,39,0.225,0.0782
6067008210,5161,80192,0.4828521604340244,0.8473164115481496,0.022476264289866304,0.03700833171865917,0.08370470838984694,Low,0.07026523964634714,0.37545313309166234,0.24161984111606277,Other,81.2,2629.33,8,38,0.254,0.0603
6067008211,3036,77619,0.5286561264822134,0.8066534914361001,0.009552042160737812,0.011198945981554678,0.1320816864295125,Low,0.06365655070318282,0.24071394114809455,0.12055335968379446,Other,79.6,964.4,12,33,0.307,0.0719
6067008402,5033,74087,0.4484402940592092,0.83429366183190945,0,0.03715477846214981,0.12219352274985099,Low,0.07660455486542443,0.37884057971014495,0.12139876813033976,Folsom,84.2,4391.19,8,41,0.24100000000000002,0.09449999999999999
6067008403,4647,73138,0.48590488487196043,0.7426296535399183,0.029051000645577793,0.11900150634818163,0.08500107596298688,Low,0.035964912280701755,0.4048716260697828,0.11943189154293092,Folsom,77,4575.39,15,41,0.23800000000000002,0.054400000000000004
6067008404,3068,43883,0.46153846153846156,0.7829204693611473,0.024119947848761408,0.05084745762711865,0.11245110821382008,Low,0.126770060687795,0.20409112040911204,0.13983050847457626,Other,75,3154.55,11,42,0.249,0.2346
6067008501,5698,116215,0.48595998595998596,0.7183222183222183,0.0019305019305019305,0.1146016146016146,0.10863460863460864,Low,0.06289089645587213,0.477124183006536,0.06511056511056511,Other,83.1,2710.19,11,40,0.23199999999999998,0.060700000000000004
6067008504,3950,112109,0.4564556962025316,0.7091139240506329,0.020759493670886076,0.17772151898734176,0.060759493670886074,Low,0.05541810984661059,0.5575405068550062,0.04227848101265823,Other,85.7,1929,12,31,0.228,0.0562
6067008505,2137,114896,0.47075339260645765,0.727187646233037,0,0.11417875526438934,0.12072999532054282,Low,0.09615384615384616,0.448569218870843,0.09733270940570894,Folsom,80.7,4628.74,7,38,0.245,0.0761
6067008506,2360,57825,0.5046610169491526,0.6521186440677966,0,0.3029661016949153,0.023728813559322035,Low,0.032330827067669175,0.45298672566371684,0.1271186440677966,Folsom,80.7,5884.36,10,39,0.244540192926045,0.1116
6067008507,3108,80891,0.4880952380952381,0.6875804375804376,0,0.166988416988417,0.11647361647361647,Low,0.08857336037863421,0.518536826495304,0.08204633204633205,Folsom,80.4,2622.3,5,39,0.23399999999999999,0.0907
6067008508,6449,99479,0.49589083578849436,0.6413397425957513,0.0603194293688944,0.18561017211970848,0.10280663668785858,Low,0.04996505939902166,0.5637254901960784,0.058613738564118466,Other,82.9,936.24,9,41,0.24600000000000002,0.026699999999999998
6067008509,4377,125366,0.48846241718071737,0.6588987891249715,0.01644962302947224,0.18620059401416494,0.10715101667809002,Low,0.051217038539553755,0.6011751744399559,0.06602695910440941,Folsom,82.7,5547.02,15,40,0.24,0.056100000000000004
6067008510,4181,114483,0.4848122458741928,0.7333173881846449,0.026070318105716337,0.1504424778761062,0.07079646017699115,Low,0.042212518195050945,0.5846759756534192,0.058359244199952164,Folsom,85.1,3080.59,18,41,0.215,0.0401
6067008512,3512,138622,0.5085421412300684,0.6742596810933941,0.01082004555808656,0.1600227790432802,0.09225512528473805,Low,0.05155807365439093,0.6188543076229138,0.047266514806378133,Folsom,82,2472.44,4,40,0.231,0.006
6067008513,2130,136719,0.4990610328638498,0.652112676056338,0,0.20892018779342722,0.054460093896713614,Low,0.04922779922779923,0.6041512231282431,0.03896713615023474,Folsom,78.71533333333333,2152.38,2,39,0.268,0.0339
6067008600,6989,97354,0.4685935040778366,0.847045356989555,0.03848905422807269,0.03190728287308628,0.03848905422807269,Low,0.053564965617082884,0.5030291186241939,0.19659464873372443,Other,82.7,55.11,2,63,0.235,0.0509
6067008702,3331,131908,0.47613329330531373,0.7874512158510958,0.012308616031221855,0.11347943560492345,0.04353047132993095,Low,0.08831521739130435,0.6565697912402784,0.18252776943860702,Other,83.9,2614.49,7,35,0.19,0.0673
6067008703,5733,81646,0.4934589220303506,0.6213151927437641,0.019012733298447583,0.2515262515262515,0.0706436420722135,Low,0.07959022852639874,0.4943820224719101,0.1494854351997209,Other,80.7,2331.47,6,37,0.221,0.0839
6067008704,3142,93150,0.5206874602164226,0.3297262889879058,0.050922978994271166,0.4945894334818587,0.09134309357097391,Low,0.055593685655456415,0.5089789635710621,0.0426479949077021,Rancho Cordova,81.2,3895.21,3,37,0.289,0.08689999999999999
6067008705,3116,94402,0.4910141206675225,0.49422336328626443,0.11007702182284981,0.23940949935815148,0.09403080872913992,Low,0.024705882352941175,0.4159806295399516,0.025994865211810013,Other,80.7,141.23,7,37,0.247,0.07200000000000001
6067008801,4609,76875,0.4627901931004556,0.4330657409416359,0.09503146018659145,0.1783467129529182,0.18550661748752442,Low,0.14775846294602013,0.32538569424964936,0.032111087003688435,Other,81.2,453.25,12,53,0.273,0.1451
6067008905,4635,41450,0.49039913700107873,0.48759439050701187,0.1121898597626753,0.05458468176914779,0.24897518878101402,Low,0.13948497854077252,0.17433987813134733,0.12470334412081985,Rancho Cordova,78.7,7141.22,5,20,0.215,0.2145
6067008907,4925,43694,0.48913705583756345,0.5843654822335025,0.09827411167512691,0.05847715736040609,0.19939086294416244,Low,0.09950522264980759,0.2226537216828479,0.13319796954314722,Rancho Cordova,77.1,8118.11,5,21,0.251,0.207
6067008908,4454,48250,0.512348450830714,0.6627750336775932,0.0345756623259991,0.02177817691962281,0.2669510552312528,Low,0.11158021712907117,0.13272670222780045,0.2067804220925011,Rancho Cordova,76.5,5644.74,4,13,0.217,0.1979
6067008909,2287,81667,0.4739833843463052,0.5920419763882816,0.07302142544818539,0.10100568430257979,0.2055094009619589,Low,0.0106951871657754,0.2647058823529412,0.14429383471797114,Other,80,2598.89,9,20,0.255,0.0434
6067008910,3725,50957,0.5036241610738255,0.6029530201342281,0.052080536912751677,0.08456375838926175,0.1610738255033557,Low,0.1531413612565445,0.18708053691275167,0.13476510067114095,Rancho Cordova,76.5,5388.78,5,20,0.19699999999999998,0.16570000000000001
6067008911,2075,38750,0.5310843373493976,0.36481927710843376,0.041927710843373496,0.042891566265060244,0.43710843373493974,Low,0.09114927344782034,0.13744075829383887,0.09493975903614457,Rancho Cordova,80.2,10863.24,3,17,0.188,0.1572
6067008912,2890,78750,0.504152249134948,0.642560553633218,0.08062283737024221,0.09100346020761246,0.15432525951557094,Low,0.028671328671328673,0.2685409597673291,0.10484429065743944,Other,80.9,4560.22,4,28,0.23800000000000002,0.17420000000000002
6067008913,3943,55038,0.5031701749936597,0.6675120466649759,0.0933299518133401,0.05579507988840984,0.12427085975145828,Low,0.06978233034571063,0.20738745671412082,0.12325640375348719,Rancho Cordova,77.8,2571.14,8,26,0.239,0.13019999999999998
6067009004,3878,63578,0.48246518824136153,0.4736977823620423,0.13692625064466218,0.12893243940175347,0.15368746776689016,Low,0.12112869924294563,0.1513353115727003,0.09308922124806601,Rancho Cordova,75.8,7272.14,2,19,0.28600000000000003,0.1368
6067009005,3112,49390,0.46561696658097684,0.6394601542416453,0.10122107969151671,0.04948586118251928,0.1339974293059126,Low,0.09024211298606016,0.28898854010961633,0.1147172236503856,Other,78.3,521.11,3,33,0.251,0.1674
6067009006,4775,37333,0.5047120418848168,0.5438743455497382,0.12858638743455497,0.08418848167539267,0.16858638743455498,Low,0.18660508083140878,0.15135135135135136,0.08649214659685864,Other,77.6,4397.6,4,13,0.245,0.2165
6067009007,3122,37724,0.5166559897501601,0.39141575912876364,0.22453555413196669,0.07399103139013453,0.29404228058936577,Low,0.16498316498316498,0.13801452784503632,0.030429212043561818,Rancho Cordova,74.5,7316.08,4,14,0.22399999999999998,0.2134
6067009008,4856,40208,0.5193574958813838,0.4540774299835255,0.052100494233937394,0.026771004942339374,0.3974464579901153,Low,0.12394645513138325,0.0816847479259732,0.08463756177924217,Rancho Cordova,76,8011,4,11,0.243,0.2206
6067009010,4493,45119,0.5132428221678166,0.39394613843756954,0.14734030714444693,0.2247941241931894,0.17827732027598486,Low,0.08871365204534254,0.26580350342726583,0.038059203204985535,Rancho Cordova,81.3,2653.13,7,28,0.275,0.1266
6067009011,4362,90423,0.494268684089867,0.5749656121045392,0.00871160018340211,0.2845025217790005,0.10041265474552957,Low,0.06859592711682744,0.37674594186485466,0.04287024300779459,Other,78.2,1950.96,9,29,0.28600000000000003,0.0466
6067009103,3211,54712,0.4796013702896294,0.48863282466521335,0.19246340703830583,0.08875739644970414,0.15851759576455932,Low,0.0784313725490196,0.2596059113300493,0.09872313920896916,Other,75.9,4779.58,4,21,0.276,0.1231
6067009105,3471,40106,0.522327859406511,0.3926822241428983,0.24747911264765196,0.03428406799193316,0.2690867185249208,Mid,0.24083769633507854,0.19715099715099715,0.07202535292422933,Other,75.5,7998.2,5,7,0.254,0.1528
6067009106,3985,54213,0.504642409033877,0.7525721455457968,0.05897114178168131,0.025846925972396486,0.13074027603513175,Low,0.09904952476238119,0.43306814251124176,0.11468005018820578,Other,79.9,6795.06,7,14,0.20199999999999999,0.09390000000000001
6067009107,3238,65861,0.4925880172946263,0.6053119209388511,0.04879555281037678,0.13804817788758492,0.14206300185299567,Low,0.04266467065868264,0.3620535714285714,0.14793082149474984,Other,81.1,4067.97,7,17,0.192,0.0889
6067009108,3526,58350,0.46369824163357914,0.6208167895632445,0.039421440726035165,0.11826432217810551,0.1781055019852524,Low,0.19418132611637348,0.21080858085808582,0.14719228587634714,Other,81.4,6366.03,5,18,0.22,0.1131
6067009109,4835,76328,0.5098241985522234,0.584488107549121,0.056463288521199584,0.07321613236814892,0.1894519131334023,Low,0.038461538461538464,0.2746177370030581,0.12016546018614271,Other,77,7139.15,3,20,0.233,0.1072
6067009110,1353,32639,0.4109386548410939,0.23059866962305986,0.5011086474501109,0.04582409460458241,0.14855875831485588,Mid,0.11275415896487985,0.23203026481715006,0.024390243902439025,Other,75.3,6335.12,2,11,0.363,0.3333
6067009111,5839,51005,0.4958040760404179,0.47919164240452133,0.10104469943483473,0.10635382771022435,0.25809213906490835,Low,0.09467242620590353,0.21527041357370094,0.08631615002568933,Other,81.4,9753.34,3,21,0.249,0.1469
6067009112,4087,59135,0.5086860778076829,0.4869097137264497,0.13310496696843652,0.16099828725226328,0.15341326156104723,Low,0.05382262996941896,0.20779742765273312,0.08221189136285784,Other,75.2,3144.54,4,25,0.255,0.2266
6067009201,2154,43250,0.5872794800371403,0.4935004642525534,0.032497678737233054,0.2107706592386258,0.17084493964716807,Low,0.15217391304347827,0.0703547805171377,0.2372330547818013,Other,75.8,106.04,9,30,0.207,0.1963
6067009307,5094,81591,0.49901845308205733,0.665685119748724,0.052021986650961916,0.1138594424813506,0.13506085590891245,Low,0.07202828104286346,0.28396197485433916,0.11287789556340794,Elk Grove,80.3,5241.98,12,36,0.22399999999999998,0.0554
6067009308,5903,58963,0.4872098932746061,0.5651363713366085,0.05437912925631035,0.08368626122310689,0.21074030154158901,Low,0.05789056304520222,0.17687074829931973,0.1368795527697781,Elk Grove,79.2,5391.35,8,24,0.257,0.096
6067009309,2241,69049,0.5176260597947345,0.8697010263275323,0.004462293618920125,0.04819277108433735,0.054439982150825524,Low,0.008820286659316428,0.13525360050093926,0.18830879071842926,Elk Grove,80.7,2819.08,2,24,0.22899999999999998,0.1245
6067009310,6654,73040,0.546287947099489,0.6740306582506763,0.03832281334535618,0.0880673279230538,0.1901112113014728,Low,0.060884353741496595,0.25311984930539205,0.10474902314397355,Other,80.6,3501.33,12,35,0.244,0.0919
6067009311,6128,83580,0.5016318537859008,0.4069843342036554,0.10231723237597912,0.3085835509138381,0.10737597911227154,Low,0.03476245654692932,0.3000277546489037,0.05923629242819843,Other,77.6,2633.47,5,41,0.264,0.1082
6067009312,6927,73782,0.46730186227804243,0.339396564169193,0.1404648476974159,0.357297531398874,0.13411289158365816,Low,0.03774856757667678,0.28832030324567637,0.08502959434098456,Other,82.3,7962.64,9,39,0.264,0.13
6067009314,4638,80943,0.4689521345407503,0.36696852091418714,0.14014661492022423,0.31134109529969817,0.08947822337214316,Low,0.047988366456616575,0.3804185351270553,0.08689090125053903,Elk Grove,80.3,2956.42,16,35,0.23600000000000002,0.12619999999999998
6067009316,4408,65319,0.5653357531760436,0.22391107078039926,0.11274954627949184,0.4122050816696915,0.20530852994555354,Low,0.15783783783783784,0.14893617021276595,0.057622504537205084,Other,79.2,9316.04,1,30,0.261,0.2051
6067009317,5474,78686,0.5226525392765802,0.3752283522104494,0.14358786993058092,0.18779685787358422,0.2431494336865181,Low,0.09582817017761255,0.21368038740920098,0.08713920350748995,Other,79.2,5440.99,10,31,0.252,0.1643
6067009318,2823,58804,0.5139922068721219,0.17109458023379384,0.0669500531349628,0.15657102373361673,0.5136379737867517,Low,0.09327983951855567,0.059018567639257294,0.026213248317392846,Other,76.2,5100.91,3,25,0.263,0.1797
6067009319,4651,58324,0.4635562244678564,0.13588475596645883,0.15480541818963664,0.4098043431520103,0.215437540313911,Low,0.11057108140947752,0.15232558139534882,0.07396258869060417,Other,78.1,5411.72,6,24,0.332,0.2254
6067009320,4679,68363,0.4966873263517846,0.24684761701218208,0.1337892712117974,0.2006839068176961,0.36653131010899764,Low,0.08017960230917255,0.10414291144051692,0.09147253686685189,Other,79.9,6749.14,6,21,0.264,0.16149999999999998
6067009321,6326,69096,0.517862788491938,0.28343344925703445,0.1466961745178628,0.3343344925703446,0.16361049636421118,Low,0.07058343533251733,0.2096861471861472,0.07350616503319633,Other,78.2,8097.81,11,30,0.242,0.0883
6067009322,12667,66930,0.46427725586168783,0.2167837688481882,0.11289176600615773,0.39101602589405543,0.17667956106418253,Low,0.07520891364902507,0.22436245252306022,0.05707744533038604,Other,81.3,6716.41,16,27,0.278,0.12990000000000002
6067009323,4583,84429,0.48548985380754967,0.38402792930394936,0.14422867117608554,0.24416321186995418,0.20641501200087278,Low,0.05830903790087463,0.3475274725274725,0.09906174994545058,Elk Grove,80.1,3630.34,11,27,0.264,0.09880000000000001
6067009324,2683,124797,0.543421543048826,0.4524785687663064,0.032053671263511,0.37048080506895265,0.13939619828550132,Low,0.10554951033732318,0.49700956937799046,0.14386880357808424,Other,81.7,582.12,5,39,0.218,0.046
6067009325,728,87768,0.4876373626373626,0.8406593406593407,0,0.046703296703296704,0.11263736263736264,Low,0.045180722891566265,0.2889344262295082,0.05631868131868132,Other,78.8,46.39,2,38,0.242,0.037000000000000005
6067009326,5350,117813,0.5044859813084113,0.46037383177570096,0.0880373831775701,0.23644859813084113,0.13457943925233645,Low,0.008212749315604223,0.5059760956175299,0.07551401869158879,Other,80.4,912.61,0,40,0.248,0.0552
6067009328,4820,93351,0.524688796680498,0.34066390041493777,0.1761410788381743,0.2350622406639004,0.11535269709543569,Low,0.09540481400437636,0.357679180887372,0.061410788381742736,Elk Grove,80.9,4254.15,10,40,0.285,0.10890000000000001
6067009329,2258,53523,0.4818423383525244,0.345881310894597,0.04295837023914969,0.3077945084145261,0.27015057573073514,Low,0.08893956670467502,0.19815281276238456,0.046944198405668734,Other,78.71533333333333,2974.19,6,39,0.308,0.08380000000000001
6067009330,3669,70089,0.50585990733169806,0.41237394385391113,0.05560098119378577,0.3281548105750886,0.17007358953393295,Low,0.09627156371730662,0.4396984924623116,0.0580539656582175,Other,79.6,1668.8,0,39,0.311,0.2413
6067009331,6581,93673,0.5139036620574381,0.4148305728612673,0.1007445676948792,0.2530010636681355,0.1609177936483817,Low,0.08002623811085602,0.27383255042829513,0.02902294484120954,Elk Grove,81.4,7002.41,11,41,0.248,0.1073
6067009332,979,139786,0.5066394279877426,0.7078651685393258,0,0.17058222676200205,0.0296220633299285,Low,0.08842105263157894,0.38650306748466257,0.11542390194075587,Other,80.3,468.96,7,38,0.182,0.058499999999999996
6067009403,1995,82875,0.47268170426065165,0.6581453634085213,0.009523809523809525,0.10726817042606517,0.22506265664160402,Low,0,0.1569069069069069,0.12982456140350876,Other,79.2,62.23,3,52,0.27,0.1997
6067009404,5454,92986,0.5073340667400074,0.7132379904657132,0.02145214521452145,0.048954895489548955,0.1453978731206454,Low,0.08037300177619894,0.3299406276505513,0.1276127612761276,Other,81.4,85.24,1,58,0.235,0.1112
6067009406,2207,83846,0.5351155414589941,0.7204349796103308,0,0.031717263253285,0.23652016311735388,Low,0.019169329073482427,0.1855595667870036,0.12822836429542364,Other,80,40.06,1,65,0.23399999999999999,0.09480000000000001
6067009407,10138,60884,0.4961530873939633,0.5466561451962911,0.011343460248569737,0.025251528901163937,0.3768001578220556,Low,0.05766458433445459,0.14904246461282264,0.08039060958768988,Other,83,3435.97,8,42,0.27699999999999997,0.09820000000000001
6067009408,1633,94375,0.5052051439069197,0.6564605021432945,0.004898958971218616,0.004286589099816289,0.3263931414574403,Low,0.08305647840531562,0.32772277227722774,0.06429883649724434,Other,81.5,285.44,7,38,0.317,0.1573
6067009501,2906,53581,0.49311768754301444,0.3706125258086717,0,0.014452856159669649,0.5671025464556091,Low,0.06703397612488522,0.12874251497005987,0.08155540261527873,Other,78,106.76,4,49,0.287,0.18359999999999999
6067009502,6631,74737,0.4981149147941487,0.602473231790077,0.005429045392851757,0.03076459055949329,0.3429347006484693,Low,0.07284299858557285,0.1927512355848435,0.1313527371437189,Other,78.9,1756.28,6,45,0.247,0.1942
6067009503,3085,40607,0.5047001620745543,0.5338735818476499,0,0,0.45413290113452187,Low,0.09968102073365231,0.12379642365887207,0.16952998379254458,Other,74.7,2097.42,5,32,0.261,0.2876
6067009504,1878,49865,0.5756123535676251,0.45633652822151227,0.005857294994675187,0.003727369542066028,0.5143769968051118,Low,0.12082853855005754,0.03295819935691318,0.14589989350372737,Other,79.9,2492.64,6,45,0.233,0.1565
6067009601,7543,56278,0.4682487074108445,0.08696804984754077,0.23969243006761234,0.3681559061381413,0.20973087630916082,Low,0.10695617209489344,0.14095744680851063,0.07954394803128728,Other,76.1,2420.5,8,32,0.272,0.2288
6067009606,6714,34904,0.47914804885314266,0.18483765266607088,0.27896931784331247,0.1778373547810545,0.3315460232350313,Low,0.11238337574215437,0.16422287390029325,0.12421805183199285,Sacramento,77.8,6852.41,5,17,0.27699999999999997,0.20199999999999999
6067009608,6638,75238,0.4540524254293462,0.13618559807170835,0.2729737872853269,0.3371497438987647,0.14175956613437782,Low,0.04285714285714286,0.20244919228764982,0.06779150346489907,Other,81.4,5166.37,12,28,0.263,0.0944
6067009609,4929,70378,0.5114627713532157,0.1661594643944005,0.18401298437817,0.32602962061270035,0.26739703793873,Low,0.08792650918635171,0.24328859060402686,0.05254615540677622,Sacramento,77.9,9346.25,10,28,0.284,0.1292
6067009610,6411,53852,0.49196693183590706,0.14599906410856342,0.2589299641241616,0.23537669630322883,0.2715644985181719,Low,0.07525083612040134,0.18950131233595802,0.06582436437373265,Other,80.7,8419.71,9,26,0.258,0.153
6067009611,3020,72308,0.4698675496688742,0.3781456953642384,0.15960264900662252,0.16589403973509934,0.2410596026490066,Low,0.07137490608564989,0.28919239904988125,0.053311258278145694,Elk Grove,81.6,4249.14,5,40,0.27399999999999997,0.09210000000000002
6067009612,5197,70180,0.5043294208197037,0.2872811237252261,0.0888974408312488,0.18241293053684818,0.3598229747931499,Low,0.03674540682414698,0.2830127160091294,0.04752741966519146,Elk Grove,80.1,8653.51,9,32,0.267,0.1241
6067009614,6706,72226,0.4982105577095139,0.2611094542201014,0.08305994631673129,0.3197136892335222,0.24366239188786162,Low,0.05514250309789343,0.31508213041314087,0.03489412466447957,Other,79.6,7765.06,11,29,0.258,0.1277
6067009615,7418,69337,0.46764626583984903,0.42181180911296845,0.1275276354812618,0.16055540576974925,0.2170396333243462,Low,0.05637110980622431,0.3058493416792575,0.0986788891884605,Elk Grove,78.8,7296.76,18,29,0.23399999999999999,0.1311
6067009616,5416,76907,0.4732274741506647,0.5280649926144756,0.061299852289512555,0.14771048744460857,0.19091580502215658,Low,0.06690997566909976,0.3416242133652982,0.06406942392909896,Elk Grove,78,6948.63,11,31,0.259,0.08289999999999999
6067009617,3568,101339,0.5128923766816144,0.5397982062780269,0.09893497757847533,0.13144618834080718,0.1984304932735426,Low,0.021917808219178082,0.43849557522123894,0.11883408071748879,Elk Grove,83.3,4124.95,14,33,0.26,0.058899999999999994
6067009618,4526,75812,0.4692885550154662,0.35572249226690233,0.14339372514361468,0.2653557224922669,0.15090587715422007,Low,0.04802831142568251,0.36415565869332384,0.08926204153778171,Other,84.8,896.19,19,33,0.244,0.12119999999999999
6067009619,7288,80225,0.462403951701427,0.357436882546652,0.17508232711306257,0.22379253567508234,0.18907793633369924,Low,0.10027397260273972,0.4213617576680444,0.06243139407244786,Other,80.9,6561.58,12,35,0.245,0.0861
6067009622,6857,85938,0.45515531573574447,0.3596324923435905,0.1440863351319819,0.22560886685139273,0.21321277526615137,Low,0.021907650825749917,0.4170760233918129,0.09975207816829518,Other,86.9,6228.1,14,38,0.231,0.054400000000000004
6067009630,8449,77515,0.43046514380400047,0.2891466445733223,0.13906971239199906,0.33861995502426323,0.13966149840217779,Low,0.0358485111303845,0.34386772708246127,0.07409160847437567,Elk Grove,84,8971.44,10,38,0.299,0.0867
6067009632,5762,87524,0.4255466851787574,0.24227698715723708,0.12200624783061437,0.43023255813953487,0.14560916348490108,Low,0.041721563460693896,0.42723589903396697,0.055189170426935094,Elk Grove,80,7896.35,14,38,0.245,0.0562
6067009633,3327,40586,0.45927261797415087,0.12293357379020138,0.2548842801322513,0.21160204388337842,0.36339044183949504,Mid,0.05467196819085487,0.12870090634441086,0.06071535918244665,Sacramento,83.4,12174.84,5,32,0.245,0.1751
6067009634,4555,43529,0.5200878155872667,0.11920965971459935,0.15082327113062569,0.26300768386388584,0.38397365532382,Low,0.08627858627858628,0.0708502024291498,0.035784851811196484,Sacramento,75.3,10782.11,7,30,0.319,0.2462
6067009635,5475,93293,0.4776255707762557,0.31269406392694066,0.13552511415525115,0.37753424657534246,0.1028310502283105,Low,0.034046268005237884,0.46160905475680636,0.0547945205479452,Other,81.4,1906.48,11,38,0.21600000000000003,0.1067
6067009636,6868,94167,0.5066977285963891,0.2529120559114735,0.09522422830518346,0.30198019801980197,0.2539312754804892,Low,0.09044908285895004,0.38528769118718137,0.04819452533488643,Elk Grove,79.9,6695.72,14,38,0.31,0.0526
6067009637,4945,100865,0.5132457027300303,0.17472194135490393,0.08190091001011122,0.5191102123356927,0.12214357937310415,Low,0.05595344673231871,0.46843033509700177,0.04509605662285136,Elk Grove,79.9,7156.7,11,38,0.332,0.0682
6067009638,5051,66643,0.7592555929518907,0.4519897050089091,0.23203326074044744,0.045931498713126115,0.21619481290833498,Low,0.15372670807453417,0.06881365262868153,0.07642051078994258,Other,81,91.2,18,38,0.214,0.0758
6067009639,3172,50045,0.47383354350567464,0.2512610340479193,0.16424968474148802,0.3373266078184111,0.1733921815889029,Low,0.09015151515151515,0.24130663856691253,0.06620428751576292,Other,83,3226.32,11,32,0.259,0.1394
6067009800,1819,43958,0.5250137438152831,0.5953820780648708,0.006047278724573941,0.057174271577789995,0.2891698735568994,Low,0.1584022038567493,0.11388888888888889,0.26223199560197913,Other,76.2,44.04,5,60,0.265,0.1501
6067009900,3397,50170,0.47541948778333826,0.48601707388872534,0,0.08536944362672946,0.3847512511039152,Low,0.10643367752184273,0.23252911813643926,0.21754489255225198,Other,82.2,40.54,3,43,0.17,0.1381
6067988300,9573,74886,0.9972840279954037,0.25906194505379715,0.4113652982346182,0.052752533166196595,0.2564504335109161,Low,0,0.01652892561983471,0.009088060169225948,Folsom,78.71533333333333,5242.34,3,38,0.244540192926045,0.19510000000000002
